market_id,strategy,side,entry_time,entry_price,shares,exit_time,exit_price,fee_paid,pnl,reason
2933933,S29_TimeDecay_Extremity,NO,1784201689.919305,0.160000,5,1784201699.898366,0.000000,0.003613,-0.803613,extremity ask=0.160 side=NO delta=-0.0116% T-10.0s
2933981,S29_TimeDecay_Extremity,NO,1784201990.104183,0.030000,30,1784201999.989534,0.000000,0.000191,-0.900191,extremity ask=0.030 side=NO delta=0.0178% T-9.9s
2934041,S29_TimeDecay_Extremity,NO,1784202589.955271,0.170000,5,1784202599.888569,1.000000,0.004231,4.145769,extremity ask=0.170 side=NO delta=0.0021% T-9.9s
2934354,S29_TimeDecay_Extremity,YES,1784204090.03699,0.040000,25,1784204099.889787,0.000000,0.000369,-1.000369,extremity ask=0.040 side=YES delta=-0.0182% T-9.9s
2934577,S29_TimeDecay_Extremity,NO,1784207089.988676,0.060000,15,1784207099.947875,0.000000,0.000716,-0.900716,extremity ask=0.060 side=NO delta=0.0098% T-10.0s
2934623,S29_TimeDecay_Extremity,NO,1784207990.021147,0.020000,50,1784207999.954737,0.000000,0.000096,-1.000096,extremity ask=0.020 side=NO delta=0.0080% T-9.9s
2934777,S29_TimeDecay_Extremity,YES,1784209189.984675,0.120000,5,1784209199.984145,0.000000,0.001673,-0.601673,extremity ask=0.120 side=YES delta=-0.0075% T-10.0s
2935273,S29_TimeDecay_Extremity,NO,1784216990.029285,0.100000,10,1784216999.951163,0.000000,0.002025,-1.002025,extremity ask=0.100 side=NO delta=0.0182% T-9.9s
2935583,S29_TimeDecay_Extremity,YES,1784219090.039461,0.030000,30,1784219099.930195,0.000000,0.000191,-0.900191,extremity ask=0.030 side=YES delta=-0.0153% T-9.9s
2937288,S29_TimeDecay_Extremity,YES,1784228390.007665,0.020000,50,1784228399.898124,0.000000,0.000096,-1.000096,extremity ask=0.020 side=YES delta=-0.0170% T-9.9s
2937410,S29_TimeDecay_Extremity,YES,1784229589.91185,0.040000,25,1784229599.891282,0.000000,0.000369,-1.000369,extremity ask=0.040 side=YES delta=-0.0184% T-10.0s
2937491,S29_TimeDecay_Extremity,YES,1784230790.040044,0.140000,5,1784230799.931368,0.000000,0.002537,-0.702537,extremity ask=0.140 side=YES delta=-0.0103% T-9.9s
2937708,S29_TimeDecay_Extremity,YES,1784232890.094781,0.030000,30,1784232899.981904,0.000000,0.000191,-0.900191,extremity ask=0.030 side=YES delta=-0.0138% T-9.9s
2937736,S29_TimeDecay_Extremity,YES,1784233790.098412,0.030000,30,1784233800.001427,0.000000,0.000191,-0.900191,extremity ask=0.030 side=YES delta=-0.0137% T-9.9s
2937751,S29_TimeDecay_Extremity,NO,1784234089.897543,0.030000,30,1784234099.896142,0.000000,0.000191,-0.900191,extremity ask=0.030 side=NO delta=0.0150% T-10.0s
2937826,S29_TimeDecay_Extremity,NO,1784234689.949352,0.150000,5,1784234699.893131,1.000000,0.003048,4.246952,extremity ask=0.150 side=NO delta=0.0013% T-9.9s
2937834,S29_TimeDecay_Extremity,NO,1784234989.964307,0.020000,50,1784234999.944452,0.000000,0.000096,-1.000096,extremity ask=0.020 side=NO delta=0.0100% T-10.0s
2937879,S29_TimeDecay_Extremity,NO,1784235889.89718,0.020000,50,1784235899.891278,0.000000,0.000096,-1.000096,extremity ask=0.020 side=NO delta=0.0187% T-10.0s
2937934,S29_TimeDecay_Extremity,NO,1784237389.950024,0.120000,5,1784237399.947107,0.000000,0.001673,-0.601673,extremity ask=0.120 side=NO delta=0.0130% T-10.0s
2937997,S29_TimeDecay_Extremity,NO,1784238290.063011,0.060000,15,1784238299.997709,0.000000,0.000716,-0.900716,extremity ask=0.060 side=NO delta=-0.0014% T-9.9s
2938034,S29_TimeDecay_Extremity,NO,1784238889.940346,0.110000,5,1784238899.932675,1.000000,0.001318,4.448682,extremity ask=0.110 side=NO delta=-0.0148% T-10.0s
2938435,S29_TimeDecay_Extremity,YES,1784239789.968714,0.090000,10,1784239799.963544,0.000000,0.001509,-0.901509,extremity ask=0.090 side=YES delta=-0.0108% T-10.0s
2938439,S29_TimeDecay_Extremity,NO,1784240089.983287,0.130000,5,1784240099.957255,0.000000,0.002079,-0.652079,extremity ask=0.130 side=NO delta=-0.0152% T-10.0s
2938530,S29_TimeDecay_Extremity,NO,1784241589.96743,0.060000,15,1784241599.919446,0.000000,0.000716,-0.900716,extremity ask=0.060 side=NO delta=0.0145% T-10.0s
2940986,S29_TimeDecay_Extremity,YES,1784245190.076668,0.130000,5,1784245199.984047,0.000000,0.002079,-0.652079,extremity ask=0.130 side=YES delta=-0.0173% T-9.9s
2942197,S29_TimeDecay_Extremity,NO,1784258989.930022,0.060000,15,1784258999.907801,0.000000,0.000716,-0.900716,extremity ask=0.060 side=NO delta=0.0171% T-10.0s
2942217,S29_TimeDecay_Extremity,NO,1784259290.053465,0.110000,5,1784259299.987017,0.000000,0.001318,-0.551318,extremity ask=0.110 side=NO delta=-0.0489% T-9.9s
2942708,S29_TimeDecay_Extremity,YES,1784261690.04748,0.080000,10,1784261700.003541,0.000000,0.001083,-0.801083,extremity ask=0.080 side=YES delta=-0.0101% T-10.0s
2945828,S29_TimeDecay_Extremity,YES,1784287490.002527,0.190000,5,1784287499.92323,0.000000,0.005625,-0.955625,extremity ask=0.190 side=YES delta=-0.0173% T-9.9s
2945879,S29_TimeDecay_Extremity,NO,1784288690.019196,0.020000,50,1784288699.996699,0.000000,0.000096,-1.000096,extremity ask=0.020 side=NO delta=0.0194% T-10.0s
2945924,S29_TimeDecay_Extremity,YES,1784289890.099375,0.090000,10,1784289899.957538,0.000000,0.001509,-0.901509,extremity ask=0.090 side=YES delta=-0.0139% T-9.9s
2946219,S29_TimeDecay_Extremity,YES,1784294690.096592,0.120000,5,1784294700.000378,0.000000,0.001673,-0.601673,extremity ask=0.120 side=YES delta=-0.0135% T-9.9s
2947461,S29_TimeDecay_Extremity,NO,1784304890.027038,0.130000,5,1784304899.99983,0.000000,0.002079,-0.652079,extremity ask=0.130 side=NO delta=0.0132% T-10.0s
2947777,S29_TimeDecay_Extremity,NO,1784307289.918624,0.180000,5,1784307299.891075,0.000000,0.004902,-0.904902,extremity ask=0.180 side=NO delta=-0.0007% T-10.0s
2948769,S29_TimeDecay_Extremity,YES,1784310290.03858,0.150000,5,1784310299.998746,0.000000,0.003048,-0.753048,extremity ask=0.150 side=YES delta=-0.0160% T-10.0s
2949667,S29_TimeDecay_Extremity,NO,1784311790.109631,0.100000,10,1784311800.004756,0.000000,0.002025,-1.002025,extremity ask=0.100 side=NO delta=0.0182% T-9.9s
2950871,S29_TimeDecay_Extremity,NO,1784315989.979157,0.160000,5,1784315999.909768,1.000000,0.003613,4.196387,extremity ask=0.160 side=NO delta=0.0127% T-9.9s
2950911,S29_TimeDecay_Extremity,NO,1784316889.919557,0.180000,5,1784316899.899782,0.000000,0.004902,-0.904902,extremity ask=0.180 side=NO delta=0.0070% T-10.0s
2951451,S29_TimeDecay_Extremity,YES,1784322590.052283,0.040000,25,1784322599.962096,0.000000,0.000369,-1.000369,extremity ask=0.040 side=YES delta=-0.0158% T-9.9s
2951482,S29_TimeDecay_Extremity,YES,1784323190.065602,0.170000,5,1784323200.005127,0.000000,0.004231,-0.854231,extremity ask=0.170 side=YES delta=-0.0119% T-9.9s
2951500,S29_TimeDecay_Extremity,YES,1784323789.953442,0.060000,15,1784323799.947006,0.000000,0.000716,-0.900716,extremity ask=0.060 side=YES delta=-0.0182% T-10.0s
2951564,S29_TimeDecay_Extremity,YES,1784324389.908085,0.030000,30,1784324399.902218,0.000000,0.000191,-0.900191,extremity ask=0.030 side=YES delta=-0.0048% T-10.0s
2951645,S29_TimeDecay_Extremity,NO,1784324690.050142,0.200000,5,1784324699.943602,0.000000,0.006400,-1.006400,extremity ask=0.200 side=NO delta=0.0005% T-9.9s
2951651,S29_TimeDecay_Extremity,NO,1784324989.897511,0.070000,10,1784324999.892044,0.000000,0.000742,-0.700742,extremity ask=0.070 side=NO delta=-0.0131% T-10.0s
2951861,S29_TimeDecay_Extremity,NO,1784325589.948738,0.130000,5,1784325599.898577,0.000000,0.002079,-0.652079,extremity ask=0.130 side=NO delta=-0.0143% T-9.9s
2951972,S29_TimeDecay_Extremity,YES,1784326190.012808,0.050000,20,1784326199.984817,0.000000,0.000564,-1.000564,extremity ask=0.050 side=YES delta=-0.0080% T-10.0s
2952003,S29_TimeDecay_Extremity,NO,1784327089.954081,0.110000,5,1784327099.886976,0.000000,0.001318,-0.551318,extremity ask=0.110 side=NO delta=-0.0056% T-9.9s
2952033,S29_TimeDecay_Extremity,YES,1784327690.012764,0.170000,5,1784327699.915357,0.000000,0.004231,-0.854231,extremity ask=0.170 side=YES delta=-0.0169% T-9.9s
2952140,S29_TimeDecay_Extremity,NO,1784328890.045371,0.030000,30,1784328899.998256,0.000000,0.000191,-0.900191,extremity ask=0.030 side=NO delta=0.0107% T-10.0s
2953348,S29_TimeDecay_Extremity,YES,1784330089.990404,0.110000,5,1784330099.899243,0.000000,0.001318,-0.551318,extremity ask=0.110 side=YES delta=-0.0020% T-9.9s
2954136,S29_TimeDecay_Extremity,NO,1784336389.963732,0.130000,5,1784336399.908928,0.000000,0.002079,-0.652079,extremity ask=0.130 side=NO delta=-0.0028% T-9.9s
2954332,S29_TimeDecay_Extremity,NO,1784336690.1039,0.130000,5,1784336700.001192,0.000000,0.002079,-0.652079,extremity ask=0.130 side=NO delta=-0.0158% T-9.9s
2954362,S29_TimeDecay_Extremity,NO,1784337590.024364,0.140000,5,1784337599.937309,0.000000,0.002537,-0.702537,extremity ask=0.140 side=NO delta=0.0017% T-9.9s
2954401,S29_TimeDecay_Extremity,NO,1784338189.886796,0.020000,50,1784338199.877635,0.000000,0.000096,-1.000096,extremity ask=0.020 side=NO delta=0.0158% T-10.0s
2954569,S29_TimeDecay_Extremity,YES,1784340290.069138,0.100000,10,1784340299.969643,0.000000,0.002025,-1.002025,extremity ask=0.100 side=YES delta=-0.0070% T-9.9s
2954584,S29_TimeDecay_Extremity,NO,1784340589.997879,0.170000,5,1784340599.956548,0.000000,0.004231,-0.854231,extremity ask=0.170 side=NO delta=-0.0157% T-10.0s
2954623,S29_TimeDecay_Extremity,NO,1784341489.981674,0.020000,50,1784341499.933583,0.000000,0.000096,-1.000096,extremity ask=0.020 side=NO delta=0.0109% T-10.0s
2954661,S29_TimeDecay_Extremity,NO,1784342089.947942,0.030000,30,1784342099.915762,0.000000,0.000191,-0.900191,extremity ask=0.030 side=NO delta=0.0157% T-10.0s
2954747,S29_TimeDecay_Extremity,NO,1784342389.995568,0.120000,5,1784342399.947573,0.000000,0.001673,-0.601673,extremity ask=0.120 side=NO delta=-0.0190% T-10.0s
2954868,S29_TimeDecay_Extremity,NO,1784342990.003882,0.040000,25,1784342999.933495,0.000000,0.000369,-1.000369,extremity ask=0.040 side=NO delta=0.0184% T-9.9s
2955034,S29_TimeDecay_Extremity,YES,1784343889.96242,0.160000,5,1784343899.939838,0.000000,0.003613,-0.803613,extremity ask=0.160 side=YES delta=-0.0133% T-10.0s
2955191,S29_TimeDecay_Extremity,YES,1784345090.027935,0.020000,50,1784345099.956117,0.000000,0.000096,-1.000096,extremity ask=0.020 side=YES delta=-0.0168% T-9.9s
2955219,S29_TimeDecay_Extremity,YES,1784345389.979433,0.040000,25,1784345399.942978,0.000000,0.000369,-1.000369,extremity ask=0.040 side=YES delta=-0.0097% T-10.0s
2955224,S29_TimeDecay_Extremity,YES,1784345690.033254,0.200000,5,1784345699.992364,0.000000,0.006400,-1.006400,extremity ask=0.200 side=YES delta=0.0069% T-10.0s
2955964,S29_TimeDecay_Extremity,YES,1784349290.052155,0.030000,30,1784349300.011946,0.000000,0.000191,-0.900191,extremity ask=0.030 side=YES delta=-0.0193% T-10.0s
2956023,S29_TimeDecay_Extremity,YES,1784349890.034323,0.090000,10,1784349900.011252,0.000000,0.001509,-0.901509,extremity ask=0.090 side=YES delta=-0.0113% T-10.0s
2956691,S29_TimeDecay_Extremity,YES,1784351390.04914,0.140000,5,1784351399.99462,0.000000,0.002537,-0.702537,extremity ask=0.140 side=YES delta=0.0100% T-9.9s
2956733,S29_TimeDecay_Extremity,NO,1784352589.989621,0.100000,10,1784352599.904333,0.000000,0.002025,-1.002025,extremity ask=0.100 side=NO delta=0.0027% T-9.9s
2956749,S29_TimeDecay_Extremity,NO,1784352889.959951,0.030000,30,1784352899.934989,0.000000,0.000191,-0.900191,extremity ask=0.030 side=NO delta=0.0155% T-10.0s
2956827,S29_TimeDecay_Extremity,NO,1784353490.071754,0.030000,30,1784353499.994088,0.000000,0.000191,-0.900191,extremity ask=0.030 side=NO delta=0.0123% T-9.9s
2956852,S29_TimeDecay_Extremity,YES,1784353789.96304,0.140000,5,1784353799.912675,0.000000,0.002537,-0.702537,extremity ask=0.140 side=YES delta=0.0117% T-9.9s
2956970,S29_TimeDecay_Extremity,NO,1784354989.96571,0.130000,5,1784354999.914382,0.000000,0.002079,-0.652079,extremity ask=0.130 side=NO delta=0.0112% T-9.9s
2956973,S29_TimeDecay_Extremity,YES,1784355289.983133,0.070000,10,1784355299.906382,0.000000,0.000742,-0.700742,extremity ask=0.070 side=YES delta=-0.0137% T-9.9s
2956996,S29_TimeDecay_Extremity,YES,1784355889.988136,0.070000,10,1784355899.922365,0.000000,0.000742,-0.700742,extremity ask=0.070 side=YES delta=-0.0040% T-9.9s
2957005,S29_TimeDecay_Extremity,YES,1784356190.082679,0.020000,50,1784356199.980051,0.000000,0.000096,-1.000096,extremity ask=0.020 side=YES delta=-0.0110% T-9.9s
2957057,S29_TimeDecay_Extremity,NO,1784356789.9905,0.060000,15,1784356799.977635,0.000000,0.000716,-0.900716,extremity ask=0.060 side=NO delta=0.0009% T-10.0s
2957089,S29_TimeDecay_Extremity,NO,1784357389.967654,0.020000,50,1784357399.961283,0.000000,0.000096,-1.000096,extremity ask=0.020 side=NO delta=0.0084% T-10.0s
2957099,S29_TimeDecay_Extremity,NO,1784357690.01526,0.050000,20,1784357699.956209,0.000000,0.000564,-1.000564,extremity ask=0.050 side=NO delta=0.0031% T-9.9s
2957111,S29_TimeDecay_Extremity,YES,1784357990.052151,0.120000,5,1784357999.999443,0.000000,0.001673,-0.601673,extremity ask=0.120 side=YES delta=-0.0001% T-9.9s
2957123,S29_TimeDecay_Extremity,YES,1784358289.958979,0.180000,5,1784358299.898627,0.000000,0.004902,-0.904902,extremity ask=0.180 side=YES delta=0.0058% T-9.9s
2957141,S29_TimeDecay_Extremity,NO,1784358590.013532,0.030000,30,1784358599.965621,0.000000,0.000191,-0.900191,extremity ask=0.030 side=NO delta=0.0094% T-10.0s
2957150,S29_TimeDecay_Extremity,NO,1784358889.991312,0.080000,10,1784358899.98591,0.000000,0.001083,-0.801083,extremity ask=0.080 side=NO delta=0.0078% T-10.0s
2957156,S29_TimeDecay_Extremity,NO,1784359190.04426,0.060000,15,1784359200.002252,0.000000,0.000716,-0.900716,extremity ask=0.060 side=NO delta=0.0056% T-10.0s
2957194,S29_TimeDecay_Extremity,NO,1784360089.970884,0.110000,5,1784360099.92473,1.000000,0.001318,4.448682,extremity ask=0.110 side=NO delta=-0.0042% T-10.0s
2957262,S29_TimeDecay_Extremity,YES,1784360390.116667,0.030000,30,1784360400.001787,0.000000,0.000191,-0.900191,extremity ask=0.030 side=YES delta=-0.0122% T-9.9s
2957285,S29_TimeDecay_Extremity,NO,1784360690.08163,0.020000,50,1784360699.97638,0.000000,0.000096,-1.000096,extremity ask=0.020 side=NO delta=0.0120% T-9.9s
2957308,S29_TimeDecay_Extremity,YES,1784360990.050511,0.080000,10,1784360999.985553,0.000000,0.001083,-0.801083,extremity ask=0.080 side=YES delta=-0.0014% T-9.9s
2957398,S29_TimeDecay_Extremity,YES,1784362189.891672,0.120000,5,1784362199.862117,0.000000,0.001673,-0.601673,extremity ask=0.120 side=YES delta=-0.0048% T-10.0s
2957415,S29_TimeDecay_Extremity,NO,1784362789.967943,0.110000,5,1784362799.905631,0.000000,0.001318,-0.551318,extremity ask=0.110 side=NO delta=0.0018% T-9.9s
2957437,S29_TimeDecay_Extremity,NO,1784363090.057047,0.190000,5,1784363099.958822,0.000000,0.005625,-0.955625,extremity ask=0.190 side=NO delta=-0.0167% T-9.9s
2957583,S29_TimeDecay_Extremity,YES,1784364890.025893,0.030000,30,1784364899.98642,0.000000,0.000191,-0.900191,extremity ask=0.030 side=YES delta=-0.0112% T-10.0s
2957642,S29_TimeDecay_Extremity,YES,1784365790.021139,0.020000,50,1784365799.981178,0.000000,0.000096,-1.000096,extremity ask=0.020 side=YES delta=-0.0187% T-10.0s
2957654,S29_TimeDecay_Extremity,NO,1784366089.969569,0.120000,5,1784366099.933318,0.000000,0.001673,-0.601673,extremity ask=0.120 side=NO delta=0.0042% T-10.0s
2957741,S29_TimeDecay_Extremity,NO,1784367590.080027,0.030000,30,1784367599.985454,0.000000,0.000191,-0.900191,extremity ask=0.030 side=NO delta=0.0133% T-9.9s
2957776,S29_TimeDecay_Extremity,NO,1784367890.073789,0.090000,10,1784367899.947136,0.000000,0.001509,-0.901509,extremity ask=0.090 side=NO delta=0.0028% T-9.9s
2957783,S29_TimeDecay_Extremity,NO,1784368190.078016,0.060000,15,1784368199.989777,0.000000,0.000716,-0.900716,extremity ask=0.060 side=NO delta=0.0047% T-9.9s
2957797,S29_TimeDecay_Extremity,NO,1784368490.052743,0.020000,50,1784368499.992383,0.000000,0.000096,-1.000096,extremity ask=0.020 side=NO delta=0.0164% T-9.9s
2957988,S29_TimeDecay_Extremity,NO,1784369090.04777,0.140000,5,1784369099.966046,0.000000,0.002537,-0.702537,extremity ask=0.140 side=NO delta=-0.0025% T-9.9s
2958013,S29_TimeDecay_Extremity,NO,1784369689.928388,0.060000,15,1784369699.912735,0.000000,0.000716,-0.900716,extremity ask=0.060 side=NO delta=0.0082% T-10.0s
2958038,S29_TimeDecay_Extremity,NO,1784369989.979341,0.140000,5,1784369999.934065,1.000000,0.002537,4.297463,extremity ask=0.140 side=NO delta=-0.0040% T-10.0s
2958045,S29_TimeDecay_Extremity,NO,1784370289.928583,0.120000,5,1784370299.926873,0.000000,0.001673,-0.601673,extremity ask=0.120 side=NO delta=0.0036% T-10.0s
2958071,S29_TimeDecay_Extremity,NO,1784370889.9609,0.070000,10,1784370899.886489,0.000000,0.000742,-0.700742,extremity ask=0.070 side=NO delta=0.0041% T-9.9s
2958123,S29_TimeDecay_Extremity,YES,1784371189.899371,0.030000,30,1784371199.883764,0.000000,0.000191,-0.900191,extremity ask=0.030 side=YES delta=-0.0142% T-10.0s
2958163,S29_TimeDecay_Extremity,NO,1784371790.062247,0.130000,5,1784371799.995375,0.000000,0.002079,-0.652079,extremity ask=0.130 side=NO delta=0.0058% T-9.9s
2958179,S29_TimeDecay_Extremity,NO,1784372090.096745,0.090000,10,1784372099.959949,0.000000,0.001509,-0.901509,extremity ask=0.090 side=NO delta=0.0082% T-9.9s
2958379,S29_TimeDecay_Extremity,NO,1784372389.923381,0.120000,5,1784372399.899094,0.000000,0.001673,-0.601673,extremity ask=0.120 side=NO delta=0.0028% T-10.0s
2958383,S29_TimeDecay_Extremity,NO,1784372690.085486,0.040000,25,1784372699.992498,0.000000,0.000369,-1.000369,extremity ask=0.040 side=NO delta=0.0053% T-9.9s
2958414,S29_TimeDecay_Extremity,NO,1784373289.986991,0.020000,50,1784373299.952558,0.000000,0.000096,-1.000096,extremity ask=0.020 side=NO delta=0.0056% T-10.0s
2958425,S29_TimeDecay_Extremity,NO,1784373478.803152,0.200000,5,1784373488.707193,0.000000,0.006400,-1.006400,extremity ask=0.200 side=NO delta=0.0007% T-9.9s
2958435,S29_TimeDecay_Extremity,NO,1784373889.995921,0.030000,30,1784373899.986739,0.000000,0.000191,-0.900191,extremity ask=0.030 side=NO delta=0.0042% T-10.0s
2958513,S29_TimeDecay_Extremity,YES,1784374190.005317,0.080000,10,1784374199.941601,0.000000,0.001083,-0.801083,extremity ask=0.080 side=YES delta=0.0016% T-9.9s
2958520,S29_TimeDecay_Extremity,NO,1784374489.947525,0.040000,25,1784374499.890576,0.000000,0.000369,-1.000369,extremity ask=0.040 side=NO delta=0.0021% T-9.9s
2958575,S29_TimeDecay_Extremity,NO,1784374790.088493,0.040000,25,1784374799.988033,0.000000,0.000369,-1.000369,extremity ask=0.040 side=NO delta=0.0017% T-9.9s
2958587,S29_TimeDecay_Extremity,YES,1784375089.993796,0.040000,25,1784375099.979589,0.000000,0.000369,-1.000369,extremity ask=0.040 side=YES delta=-0.0036% T-10.0s
2958601,S29_TimeDecay_Extremity,NO,1784375390.0587,0.040000,25,1784375399.965878,0.000000,0.000369,-1.000369,extremity ask=0.040 side=NO delta=0.0026% T-9.9s
2958612,S29_TimeDecay_Extremity,YES,1784375689.914922,0.080000,10,1784375699.887053,0.000000,0.001083,-0.801083,extremity ask=0.080 side=YES delta=0.0012% T-10.0s
2958916,S29_TimeDecay_Extremity,NO,1784376890.046069,0.040000,25,1784376899.938354,0.000000,0.000369,-1.000369,extremity ask=0.040 side=NO delta=0.0128% T-9.9s
2959036,S29_TimeDecay_Extremity,YES,1784378689.944221,0.020000,50,1784378699.890738,0.000000,0.000096,-1.000096,extremity ask=0.020 side=YES delta=-0.0174% T-9.9s
2959060,S29_TimeDecay_Extremity,YES,1784379289.944632,0.080000,10,1784379299.898914,0.000000,0.001083,-0.801083,extremity ask=0.080 side=YES delta=-0.0055% T-10.0s
2959097,S29_TimeDecay_Extremity,NO,1784379589.988723,0.030000,30,1784379599.943262,0.000000,0.000191,-0.900191,extremity ask=0.030 side=NO delta=0.0190% T-10.0s
2959277,S29_TimeDecay_Extremity,YES,1784382590.013005,0.030000,30,1784382599.974056,0.000000,0.000191,-0.900191,extremity ask=0.030 side=YES delta=-0.0120% T-10.0s
2959325,S29_TimeDecay_Extremity,NO,1784383790.037929,0.180000,5,1784383799.955674,0.000000,0.004902,-0.904902,extremity ask=0.180 side=NO delta=0.0146% T-9.9s
2959365,S29_TimeDecay_Extremity,NO,1784384690.084945,0.080000,10,1784384699.983988,0.000000,0.001083,-0.801083,extremity ask=0.080 side=NO delta=0.0053% T-9.9s
2959393,S29_TimeDecay_Extremity,NO,1784385290.079859,0.100000,10,1784385299.955775,0.000000,0.002025,-1.002025,extremity ask=0.100 side=NO delta=0.0114% T-9.9s
2959470,S29_TimeDecay_Extremity,YES,1784385889.942791,0.020000,50,1784385899.900615,0.000000,0.000096,-1.000096,extremity ask=0.020 side=YES delta=-0.0112% T-10.0s
2959489,S29_TimeDecay_Extremity,YES,1784386189.988453,0.040000,25,1784386199.890081,0.000000,0.000369,-1.000369,extremity ask=0.040 side=YES delta=-0.0074% T-9.9s
2959634,S29_TimeDecay_Extremity,YES,1784387090.020422,0.080000,10,1784387099.91333,0.000000,0.001083,-0.801083,extremity ask=0.080 side=YES delta=-0.0024% T-9.9s
2960009,S29_TimeDecay_Extremity,YES,1784389189.914829,0.050000,20,1784389199.906971,0.000000,0.000564,-1.000564,extremity ask=0.050 side=YES delta=-0.0082% T-10.0s
2960289,S29_TimeDecay_Extremity,NO,1784390990.067315,0.130000,5,1784391000.001974,0.000000,0.002079,-0.652079,extremity ask=0.130 side=NO delta=-0.0001% T-9.9s
2960316,S29_TimeDecay_Extremity,YES,1784391589.991715,0.180000,5,1784391599.906962,0.000000,0.004902,-0.904902,extremity ask=0.180 side=YES delta=0.0066% T-9.9s
2960332,S29_TimeDecay_Extremity,NO,1784392190.119052,0.160000,5,1784392199.984128,0.000000,0.003613,-0.803613,extremity ask=0.160 side=NO delta=0.0071% T-9.9s
2960441,S29_TimeDecay_Extremity,NO,1784393089.914898,0.030000,30,1784393099.886734,0.000000,0.000191,-0.900191,extremity ask=0.030 side=NO delta=0.0147% T-10.0s
2961135,S29_TimeDecay_Extremity,NO,1784395790.025551,0.200000,5,1784395799.996898,0.000000,0.006400,-1.006400,extremity ask=0.200 side=NO delta=-0.0015% T-10.0s
2961155,S29_TimeDecay_Extremity,YES,1784396090.045197,0.120000,5,1784396099.966,1.000000,0.001673,4.398327,extremity ask=0.120 side=YES delta=0.0132% T-9.9s
2961282,S29_TimeDecay_Extremity,NO,1784397290.015311,0.080000,10,1784397299.897735,0.000000,0.001083,-0.801083,extremity ask=0.080 side=NO delta=0.0072% T-9.9s
2961576,S29_TimeDecay_Extremity,NO,1784398490.017581,0.170000,5,1784398499.904507,0.000000,0.004231,-0.854231,extremity ask=0.170 side=NO delta=-0.0008% T-9.9s
2962211,S29_TimeDecay_Extremity,YES,1784399990.005953,0.200000,5,1784399999.932951,0.000000,0.006400,-1.006400,extremity ask=0.200 side=YES delta=-0.0075% T-9.9s
2962522,S29_TimeDecay_Extremity,YES,1784400290.019148,0.020000,50,1784400299.916578,0.000000,0.000096,-1.000096,extremity ask=0.020 side=YES delta=-0.0146% T-9.9s
2962822,S29_TimeDecay_Extremity,NO,1784400590.074882,0.030000,30,1784400599.980533,0.000000,0.000191,-0.900191,extremity ask=0.030 side=NO delta=0.0145% T-9.9s
2962843,S29_TimeDecay_Extremity,NO,1784400889.936795,0.160000,5,1784400899.933368,0.000000,0.003613,-0.803613,extremity ask=0.160 side=NO delta=0.0018% T-10.0s
2963071,S29_TimeDecay_Extremity,NO,1784402090.075383,0.050000,20,1784402099.951789,0.000000,0.000564,-1.000564,extremity ask=0.050 side=NO delta=0.0104% T-9.9s
2963121,S29_TimeDecay_Extremity,NO,1784403290.024694,0.030000,30,1784403299.911252,0.000000,0.000191,-0.900191,extremity ask=0.030 side=NO delta=0.0116% T-9.9s
2963268,S29_TimeDecay_Extremity,NO,1784404489.930556,0.060000,15,1784404499.903418,0.000000,0.000716,-0.900716,extremity ask=0.060 side=NO delta=-0.0160% T-10.0s
2963343,S29_TimeDecay_Extremity,NO,1784405389.915704,0.030000,30,1784405399.897907,0.000000,0.000191,-0.900191,extremity ask=0.030 side=NO delta=0.0155% T-10.0s
2963513,S29_TimeDecay_Extremity,NO,1784407490.054072,0.060000,15,1784407500.000619,0.000000,0.000716,-0.900716,extremity ask=0.060 side=NO delta=0.0087% T-9.9s
2963568,S29_TimeDecay_Extremity,YES,1784408690.035019,0.140000,5,1784408699.987335,1.000000,0.002537,4.297463,extremity ask=0.140 side=YES delta=-0.0135% T-10.0s
2963776,S29_TimeDecay_Extremity,YES,1784410190.011917,0.200000,5,1784410199.930933,0.000000,0.006400,-1.006400,extremity ask=0.200 side=YES delta=0.0035% T-9.9s
2965351,S29_TimeDecay_Extremity,YES,1784414990.074483,0.180000,5,1784414999.982718,0.000000,0.004902,-0.904902,extremity ask=0.180 side=YES delta=-0.0044% T-9.9s
2966363,S29_TimeDecay_Extremity,YES,1784415890.034862,0.110000,5,1784415899.950599,0.000000,0.001318,-0.551318,extremity ask=0.110 side=YES delta=-0.0163% T-9.9s
2966451,S29_TimeDecay_Extremity,YES,1784416489.952177,0.080000,10,1784416499.919354,0.000000,0.001083,-0.801083,extremity ask=0.080 side=YES delta=-0.0176% T-10.0s
2966536,S29_TimeDecay_Extremity,YES,1784417089.934471,0.100000,10,1784417099.918229,0.000000,0.002025,-1.002025,extremity ask=0.100 side=YES delta=-0.0075% T-10.0s
2966620,S29_TimeDecay_Extremity,YES,1784417689.979552,0.080000,10,1784417699.918475,0.000000,0.001083,-0.801083,extremity ask=0.080 side=YES delta=-0.0175% T-9.9s
2966846,S29_TimeDecay_Extremity,NO,1784418589.996053,0.130000,5,1784418599.921667,0.000000,0.002079,-0.652079,extremity ask=0.130 side=NO delta=0.0052% T-9.9s
2966886,S29_TimeDecay_Extremity,NO,1784419189.998696,0.030000,30,1784419199.972662,0.000000,0.000191,-0.900191,extremity ask=0.030 side=NO delta=0.0154% T-10.0s
2966949,S29_TimeDecay_Extremity,YES,1784419489.978757,0.180000,5,1784419499.919606,0.000000,0.004902,-0.904902,extremity ask=0.180 side=YES delta=-0.0014% T-9.9s
2966961,S29_TimeDecay_Extremity,NO,1784419789.936782,0.130000,5,1784419799.924126,0.000000,0.002079,-0.652079,extremity ask=0.130 side=NO delta=-0.0091% T-10.0s
2967013,S29_TimeDecay_Extremity,NO,1784420389.971938,0.120000,5,1784420399.94052,0.000000,0.001673,-0.601673,extremity ask=0.120 side=NO delta=0.0093% T-10.0s
2967247,S29_TimeDecay_Extremity,NO,1784422489.950287,0.030000,30,1784422499.942096,0.000000,0.000191,-0.900191,extremity ask=0.030 side=NO delta=0.0121% T-10.0s
2967455,S29_TimeDecay_Extremity,YES,1784423089.99242,0.040000,25,1784423099.933948,0.000000,0.000369,-1.000369,extremity ask=0.040 side=YES delta=-0.0064% T-9.9s
2967489,S29_TimeDecay_Extremity,YES,1784423990.016554,0.070000,10,1784423999.948881,0.000000,0.000742,-0.700742,extremity ask=0.070 side=YES delta=-0.0098% T-9.9s
2967502,S29_TimeDecay_Extremity,YES,1784424290.056314,0.060000,15,1784424299.987874,0.000000,0.000716,-0.900716,extremity ask=0.060 side=YES delta=-0.0032% T-9.9s
2967536,S29_TimeDecay_Extremity,NO,1784424590.043952,0.110000,5,1784424600.002908,0.000000,0.001318,-0.551318,extremity ask=0.110 side=NO delta=0.0124% T-10.0s
2967803,S29_TimeDecay_Extremity,YES,1784425490.003241,0.190000,5,1784425499.990632,0.000000,0.005625,-0.955625,extremity ask=0.190 side=YES delta=-0.0037% T-10.0s
2967810,S29_TimeDecay_Extremity,YES,1784425790.000333,0.120000,5,1784425799.960958,0.000000,0.001673,-0.601673,extremity ask=0.120 side=YES delta=-0.0010% T-10.0s
2967969,S29_TimeDecay_Extremity,NO,1784427890.05665,0.190000,5,1784427899.949033,0.000000,0.005625,-0.955625,extremity ask=0.190 side=NO delta=0.0111% T-9.9s
2967983,S29_TimeDecay_Extremity,YES,1784428189.929399,0.130000,5,1784428199.892057,0.000000,0.002079,-0.652079,extremity ask=0.130 side=YES delta=-0.0014% T-10.0s
2968262,S29_TimeDecay_Extremity,YES,1784432090.004258,0.080000,10,1784432099.912586,0.000000,0.001083,-0.801083,extremity ask=0.080 side=YES delta=-0.0144% T-9.9s
2968363,S29_TimeDecay_Extremity,NO,1784432690.090416,0.040000,25,1784432699.980023,0.000000,0.000369,-1.000369,extremity ask=0.040 side=NO delta=0.0094% T-9.9s
2968409,S29_TimeDecay_Extremity,NO,1784433290.050401,0.130000,5,1784433299.974491,0.000000,0.002079,-0.652079,extremity ask=0.130 side=NO delta=0.0025% T-9.9s
2969070,S29_TimeDecay_Extremity,NO,1784434489.981271,0.180000,5,1784434499.927967,0.000000,0.004902,-0.904902,extremity ask=0.180 side=NO delta=0.0044% T-9.9s
2969204,S29_TimeDecay_Extremity,YES,1784435690.055359,0.020000,50,1784435699.986603,0.000000,0.000096,-1.000096,extremity ask=0.020 side=YES delta=-0.0139% T-9.9s
2969321,S29_TimeDecay_Extremity,YES,1784436590.026993,0.070000,10,1784436599.960024,0.000000,0.000742,-0.700742,extremity ask=0.070 side=YES delta=-0.0029% T-9.9s
2969778,S29_TimeDecay_Extremity,NO,1784437189.946173,0.030000,30,1784437199.916196,0.000000,0.000191,-0.900191,extremity ask=0.030 side=NO delta=0.0128% T-10.0s
2969915,S29_TimeDecay_Extremity,YES,1784438390.091612,0.020000,50,1784438399.986979,0.000000,0.000096,-1.000096,extremity ask=0.020 side=YES delta=-0.0176% T-9.9s
2970021,S29_TimeDecay_Extremity,NO,1784439590.061741,0.020000,50,1784439599.987212,0.000000,0.000096,-1.000096,extremity ask=0.020 side=NO delta=0.0066% T-9.9s
2970052,S29_TimeDecay_Extremity,YES,1784439890.093982,0.090000,10,1784439899.98506,0.000000,0.001509,-0.901509,extremity ask=0.090 side=YES delta=-0.0049% T-9.9s
2970111,S29_TimeDecay_Extremity,YES,1784441390.052186,0.020000,50,1784441399.937652,0.000000,0.000096,-1.000096,extremity ask=0.020 side=YES delta=-0.0161% T-9.9s
2970131,S29_TimeDecay_Extremity,YES,1784441990.041921,0.060000,15,1784441999.999687,0.000000,0.000716,-0.900716,extremity ask=0.060 side=YES delta=-0.0073% T-10.0s
2970251,S29_TimeDecay_Extremity,NO,1784444090.010567,0.050000,20,1784444099.950401,0.000000,0.000564,-1.000564,extremity ask=0.050 side=NO delta=0.0051% T-9.9s
2970268,S29_TimeDecay_Extremity,YES,1784444389.927779,0.120000,5,1784444399.924148,0.000000,0.001673,-0.601673,extremity ask=0.120 side=YES delta=-0.0011% T-10.0s
2970274,S29_TimeDecay_Extremity,YES,1784444689.994465,0.030000,30,1784444699.974886,0.000000,0.000191,-0.900191,extremity ask=0.030 side=YES delta=-0.0110% T-10.0s
2970285,S29_TimeDecay_Extremity,YES,1784444990.017629,0.020000,50,1784444999.98929,0.000000,0.000096,-1.000096,extremity ask=0.020 side=YES delta=-0.0151% T-10.0s
2970303,S29_TimeDecay_Extremity,NO,1784445589.985861,0.020000,50,1784445599.898006,0.000000,0.000096,-1.000096,extremity ask=0.020 side=NO delta=0.0098% T-9.9s
2970341,S29_TimeDecay_Extremity,NO,1784446190.045464,0.090000,10,1784446199.999933,0.000000,0.001509,-0.901509,extremity ask=0.090 side=NO delta=0.0045% T-10.0s
2970358,S29_TimeDecay_Extremity,YES,1784446490.030022,0.020000,50,1784446499.917963,0.000000,0.000096,-1.000096,extremity ask=0.020 side=YES delta=-0.0191% T-9.9s
2970671,S29_TimeDecay_Extremity,NO,1784450390.11467,0.200000,5,1784450400.003083,1.000000,0.006400,3.993600,extremity ask=0.200 side=NO delta=0.0009% T-9.9s
2970860,S29_TimeDecay_Extremity,NO,1784451589.895145,0.020000,50,1784451599.892182,0.000000,0.000096,-1.000096,extremity ask=0.020 side=NO delta=0.0172% T-10.0s
2970935,S29_TimeDecay_Extremity,NO,1784453389.928369,0.020000,50,1784453399.926996,0.000000,0.000096,-1.000096,extremity ask=0.020 side=NO delta=0.0184% T-10.0s
2971016,S29_TimeDecay_Extremity,NO,1784454290.018432,0.050000,20,1784454299.997475,0.000000,0.000564,-1.000564,extremity ask=0.050 side=NO delta=0.0061% T-10.0s
2971183,S29_TimeDecay_Extremity,NO,1784455189.954228,0.020000,50,1784455199.929181,1.000000,0.000096,48.999904,extremity ask=0.020 side=NO delta=0.0154% T-10.0s
2971265,S29_TimeDecay_Extremity,NO,1784456689.898705,0.050000,20,1784456699.892656,0.000000,0.000564,-1.000564,extremity ask=0.050 side=NO delta=0.0082% T-10.0s
2971287,S29_TimeDecay_Extremity,NO,1784457290.03736,0.050000,20,1784457299.960646,0.000000,0.000564,-1.000564,extremity ask=0.050 side=NO delta=0.0086% T-9.9s
2971333,S29_TimeDecay_Extremity,NO,1784457590.056476,0.040000,25,1784457599.956832,0.000000,0.000369,-1.000369,extremity ask=0.040 side=NO delta=0.0143% T-9.9s
2971464,S29_TimeDecay_Extremity,YES,1784460890.177523,0.120000,5,1784460900.004317,0.000000,0.001673,-0.601673,extremity ask=0.120 side=YES delta=-0.0095% T-9.8s
2971558,S29_TimeDecay_Extremity,NO,1784461490.082649,0.030000,30,1784461500.004253,0.000000,0.000191,-0.900191,extremity ask=0.030 side=NO delta=0.0151% T-9.9s
2971744,S29_TimeDecay_Extremity,YES,1784462390.098572,0.080000,10,1784462399.943892,0.000000,0.001083,-0.801083,extremity ask=0.080 side=YES delta=-0.0084% T-9.8s
2971906,S29_TimeDecay_Extremity,NO,1784465090.080382,0.200000,5,1784465100.000101,1.000000,0.006400,3.993600,extremity ask=0.200 side=NO delta=-0.0089% T-9.9s
2972020,S29_TimeDecay_Extremity,YES,1784466589.947453,0.080000,10,1784466599.908727,0.000000,0.001083,-0.801083,extremity ask=0.080 side=YES delta=-0.0045% T-10.0s
2972215,S29_TimeDecay_Extremity,YES,1784468690.044177,0.110000,5,1784468699.940483,0.000000,0.001318,-0.551318,extremity ask=0.110 side=YES delta=-0.0047% T-9.9s
2972421,S29_TimeDecay_Extremity,YES,1784471989.994293,0.150000,5,1784471999.896034,0.000000,0.003048,-0.753048,extremity ask=0.150 side=YES delta=-0.0042% T-9.9s
2972455,S29_TimeDecay_Extremity,YES,1784472890.010818,0.080000,10,1784472899.981524,0.000000,0.001083,-0.801083,extremity ask=0.080 side=YES delta=-0.0082% T-10.0s
2972465,S29_TimeDecay_Extremity,YES,1784473190.102691,0.060000,15,1784473200.000044,0.000000,0.000716,-0.900716,extremity ask=0.060 side=YES delta=-0.0039% T-9.9s
2972579,S29_TimeDecay_Extremity,YES,1784475290.131449,0.030000,30,1784475299.998662,0.000000,0.000191,-0.900191,extremity ask=0.030 side=YES delta=-0.0132% T-9.9s
2972635,S29_TimeDecay_Extremity,NO,1784475890.066737,0.020000,50,1784475899.951116,0.000000,0.000096,-1.000096,extremity ask=0.020 side=NO delta=0.0176% T-9.9s
2972643,S29_TimeDecay_Extremity,YES,1784476189.988481,0.060000,15,1784476199.961319,0.000000,0.000716,-0.900716,extremity ask=0.060 side=YES delta=-0.0077% T-10.0s
2972966,S29_TimeDecay_Extremity,NO,1784477090.035569,0.040000,25,1784477099.935845,0.000000,0.000369,-1.000369,extremity ask=0.040 side=NO delta=0.0192% T-9.9s
2973046,S29_TimeDecay_Extremity,YES,1784478589.954646,0.130000,5,1784478599.870929,0.000000,0.002079,-0.652079,extremity ask=0.130 side=YES delta=-0.0107% T-9.9s
2973142,S29_TimeDecay_Extremity,NO,1784479190.002607,0.040000,25,1784479199.87895,0.000000,0.000369,-1.000369,extremity ask=0.040 side=NO delta=0.0177% T-9.9s
2973192,S29_TimeDecay_Extremity,YES,1784479790.056706,0.040000,25,1784479799.989833,0.000000,0.000369,-1.000369,extremity ask=0.040 side=YES delta=-0.0109% T-9.9s
2973648,S29_TimeDecay_Extremity,NO,1784480389.910782,0.090000,10,1784480399.905506,0.000000,0.001509,-0.901509,extremity ask=0.090 side=NO delta=0.0067% T-10.0s
2974396,S29_TimeDecay_Extremity,NO,1784485189.954385,0.100000,10,1784485199.953466,0.000000,0.002025,-1.002025,extremity ask=0.100 side=NO delta=0.0016% T-10.0s
2974491,S29_TimeDecay_Extremity,NO,1784486390.053233,0.020000,50,1784486399.951873,0.000000,0.000096,-1.000096,extremity ask=0.020 side=NO delta=0.0196% T-9.9s
2974508,S29_TimeDecay_Extremity,NO,1784486989.945326,0.170000,5,1784486999.928676,0.000000,0.004231,-0.854231,extremity ask=0.170 side=NO delta=0.0158% T-10.0s
2977282,S29_TimeDecay_Extremity,YES,1784488790.036825,0.030000,30,1784488799.987548,0.000000,0.000191,-0.900191,extremity ask=0.030 side=YES delta=-0.0159% T-10.0s
2977287,S29_TimeDecay_Extremity,YES,1784489089.951377,0.020000,50,1784489099.861724,0.000000,0.000096,-1.000096,extremity ask=0.020 side=YES delta=-0.0164% T-9.9s
2977366,S29_TimeDecay_Extremity,YES,1784489990.026898,0.160000,5,1784489999.892695,0.000000,0.003613,-0.803613,extremity ask=0.160 side=YES delta=-0.0062% T-9.9s
2977432,S29_TimeDecay_Extremity,YES,1784490289.947453,0.120000,5,1784490299.919942,0.000000,0.001673,-0.601673,extremity ask=0.120 side=YES delta=-0.0044% T-10.0s
2977440,S29_TimeDecay_Extremity,YES,1784490589.998161,0.050000,20,1784490599.957077,0.000000,0.000564,-1.000564,extremity ask=0.050 side=YES delta=-0.0074% T-10.0s
2977469,S29_TimeDecay_Extremity,YES,1784490890.043084,0.050000,20,1784490899.966679,0.000000,0.000564,-1.000564,extremity ask=0.050 side=YES delta=-0.0118% T-9.9s
2977997,S29_TimeDecay_Extremity,NO,1784493889.894383,0.030000,30,1784493899.88746,0.000000,0.000191,-0.900191,extremity ask=0.030 side=NO delta=0.0121% T-10.0s
2978050,S29_TimeDecay_Extremity,NO,1784494490.03765,0.080000,10,1784494499.977805,0.000000,0.001083,-0.801083,extremity ask=0.080 side=NO delta=0.0038% T-9.9s
2978076,S29_TimeDecay_Extremity,NO,1784494789.992261,0.040000,25,1784494799.917634,0.000000,0.000369,-1.000369,extremity ask=0.040 side=NO delta=0.0106% T-9.9s
2978201,S29_TimeDecay_Extremity,YES,1784496589.905882,0.070000,10,1784496599.893726,0.000000,0.000742,-0.700742,extremity ask=0.070 side=YES delta=-0.0080% T-10.0s
2978264,S29_TimeDecay_Extremity,NO,1784497189.963439,0.080000,10,1784497199.915369,0.000000,0.001083,-0.801083,extremity ask=0.080 side=NO delta=0.0080% T-10.0s
2978306,S29_TimeDecay_Extremity,NO,1784498089.993313,0.070000,10,1784498099.979593,0.000000,0.000742,-0.700742,extremity ask=0.070 side=NO delta=0.0175% T-10.0s
2978588,S29_TimeDecay_Extremity,YES,1784500489.945492,0.150000,5,1784500499.931152,0.000000,0.003048,-0.753048,extremity ask=0.150 side=YES delta=-0.0099% T-10.0s
2978775,S29_TimeDecay_Extremity,YES,1784503490.021935,0.160000,5,1784503499.959806,0.000000,0.003613,-0.803613,extremity ask=0.160 side=YES delta=-0.0057% T-9.9s
2985348,S29_TimeDecay_Extremity,YES,1784525389.946704,0.160000,5,1784525399.945109,0.000000,0.003613,-0.803613,extremity ask=0.160 side=YES delta=-0.0175% T-10.0s
2985496,S29_TimeDecay_Extremity,NO,1784527189.989793,0.050000,20,1784527199.971239,0.000000,0.000564,-1.000564,extremity ask=0.050 side=NO delta=0.0163% T-10.0s
2985507,S29_TimeDecay_Extremity,NO,1784527490.039562,0.130000,5,1784527500.00372,0.000000,0.002079,-0.652079,extremity ask=0.130 side=NO delta=0.0197% T-10.0s
2985514,S29_TimeDecay_Extremity,NO,1784527790.056596,0.100000,10,1784527799.982461,0.000000,0.002025,-1.002025,extremity ask=0.100 side=NO delta=0.0143% T-9.9s
2985665,S29_TimeDecay_Extremity,YES,1784530789.918616,0.160000,5,1784530799.882931,1.000000,0.003613,4.196387,extremity ask=0.160 side=YES delta=-0.0114% T-10.0s
2985692,S29_TimeDecay_Extremity,YES,1784531690.022329,0.190000,5,1784531700.003633,0.000000,0.005625,-0.955625,extremity ask=0.190 side=YES delta=-0.0185% T-10.0s
2986006,S29_TimeDecay_Extremity,NO,1784535589.988322,0.090000,10,1784535599.916777,1.000000,0.001509,9.098491,extremity ask=0.090 side=NO delta=0.0039% T-9.9s
2986174,S29_TimeDecay_Extremity,YES,1784538589.950542,0.020000,50,1784538599.897149,0.000000,0.000096,-1.000096,extremity ask=0.020 side=YES delta=-0.0008% T-9.9s
2986191,S29_TimeDecay_Extremity,YES,1784539190.006767,0.120000,5,1784539199.891141,0.000000,0.001673,-0.601673,extremity ask=0.120 side=YES delta=0.0000% T-9.9s
2986300,S29_TimeDecay_Extremity,NO,1784540689.887605,0.040000,25,1784540699.8873,0.000000,0.000369,-1.000369,extremity ask=0.040 side=NO delta=0.0196% T-10.0s
2986416,S29_TimeDecay_Extremity,YES,1784542189.989184,0.160000,5,1784542199.935692,1.000000,0.003613,4.196387,extremity ask=0.160 side=YES delta=-0.0058% T-9.9s
2986614,S29_TimeDecay_Extremity,YES,1784543989.924351,0.200000,5,1784543999.84575,0.000000,0.006400,-1.006400,extremity ask=0.200 side=YES delta=-0.0068% T-9.9s
2986757,S29_TimeDecay_Extremity,NO,1784544590.034253,0.120000,5,1784544599.962722,0.000000,0.001673,-0.601673,extremity ask=0.120 side=NO delta=0.0050% T-9.9s
2986768,S29_TimeDecay_Extremity,NO,1784544889.925362,0.040000,25,1784544899.90657,0.000000,0.000369,-1.000369,extremity ask=0.040 side=NO delta=0.0105% T-10.0s
2987215,S29_TimeDecay_Extremity,YES,1784546690.013412,0.030000,30,1784546699.982137,0.000000,0.000191,-0.900191,extremity ask=0.030 side=YES delta=-0.0120% T-10.0s
2987391,S29_TimeDecay_Extremity,NO,1784548489.969354,0.120000,5,1784548499.915808,0.000000,0.001673,-0.601673,extremity ask=0.120 side=NO delta=0.0189% T-9.9s
2987732,S29_TimeDecay_Extremity,YES,1784550589.983431,0.100000,10,1784550599.885473,0.000000,0.002025,-1.002025,extremity ask=0.100 side=YES delta=-0.0171% T-9.9s
2987917,S29_TimeDecay_Extremity,YES,1784552690.065157,0.090000,10,1784552699.987575,0.000000,0.001509,-0.901509,extremity ask=0.090 side=YES delta=-0.0100% T-9.9s
2988037,S29_TimeDecay_Extremity,NO,1784553589.943123,0.050000,20,1784553599.936762,0.000000,0.000564,-1.000564,extremity ask=0.050 side=NO delta=0.0182% T-10.0s
